domain,cor_trend_dim1_mapped
investment,0.9720639110551533
security,0.9925486941625763
environment,0.8150404248471399
human_rights,0.07571156537502297
arms_control,-0.6112257455348293
intellectual_property,0.9726512300710962
