iso3,pc1,rank_desc,n_countries,percentile_from_top
DNK,25.84284028989012,5,206,0.9804878048780488
SAU,-1.4153837695883773,121,206,0.41463414634146345
