issue_area,countries,items,T,share_zero,share_one,share_minus_one
trade,194,753,6,0.07758656097260443,0.01747648580933996,0.9049369532180556
investment,203,2629,6,0.07906132246054336,0.013564130286104027,0.9073745472533526
security,164,862,6,0.38624724124271403,0.015250976175655028,0.5985017825816309
environment,206,1849,6,0.2036393327277405,0.10526025613425258,0.6911004111380069
human_rights,197,35,6,0.26584481508339375,0.14343727338651197,0.5907179115300942
arms_control,195,26,6,0.4808678500986193,0.16331360946745563,0.355818540433925
intellectual_property,179,26,6,0.22926514825956168,0.08745165449076063,0.6832831972496777
