iso3,pc2,rank_desc,n_countries,percentile_from_top
IRN,0.19067828593248784,68,194,0.6528497409326425
DNK,-0.4971413252253692,170,194,0.12435233160621761
