"split_id","split_type","seed","n_test","logscore_em","logscore_mean_em","brier_em","logscore_kd","logscore_mean_kd","brier_kd","time_em","time_kd","iters_em","iters_kd"
"holdout_seed_101","holdout_by_period",101,60668,-9526.47795676875,-0.157026405300467,0.0420644266408315,-9550.89331616451,-0.157428847434636,0.0409248396656105,1.172,211.973,106,1500
"holdout_seed_102","holdout_by_period",102,60668,-9517.31892918332,-0.156875435636305,0.0420709199185683,-9488.0307870989,-0.156392674673615,0.0409817671974117,1.21699999999998,213.767,108,1500
"holdout_seed_103","holdout_by_period",103,60668,-9774.52270899017,-0.161114965203899,0.043016463561743,-9901.59824441297,-0.163209570851404,0.0419666988686801,1.21699999999998,212.069,108,1500
"holdout_seed_104","holdout_by_period",104,60668,-9548.03286092558,-0.157381698109804,0.0421517468896353,-9607.8442316695,-0.15836757815767,0.0410052051193138,1.20999999999992,212.587,107,1500
"holdout_seed_105","holdout_by_period",105,60668,-9652.56804025694,-0.159104767591761,0.0426416332562929,-9705.24299000305,-0.159973016911766,0.0414822035854928,1.25400000000002,213.221,105,1500
"temporal_last2","temporal",NA,117170,-81622.1867291633,-0.696613354349777,0.251703007217816,-81216.0551460582,-0.69314718055866,0.25,0.972999999999956,155.454,109,1500
