domain,v7_trend_slope,v8_trend_slope,corr_dim1_overlap_p1_p6,v8_period7_mean_dim1,trend
investment,0.08859116906305413,0.07777505004156145,0.9970252002492744,1.5499992295734668,continues
environment,0.029172128472303948,0.011867950070213117,0.9787643358076541,-0.6112244078245102,continues
human_rights,-0.006246973484903776,-0.00832086785163925,0.5546219884776247,-0.21448105725265076,accelerates
arms_control,-0.011446627288445714,-0.016086648847167036,0.6973979551264934,-0.009422156290431472,accelerates
intellectual_property,-0.04371549616120825,-0.031095708732549087,0.9596460476550418,-0.26194382529889937,continues
